{
  "best": "RandomForest",
  "features": [
    "ttr",
    "mattr",
    "brunet_index",
    "honore_statistic",
    "mean_sentence_length",
    "subordination_density",
    "noun_ratio",
    "verb_ratio",
    "adj_ratio",
    "pronoun_ratio",
    "content_function_ratio",
    "n_tokens",
    "coherence_mean",
    "coherence_min",
    "repeated_bigram_ratio",
    "repeated_trigram_ratio",
    "n_pauses",
    "mean_pause_dur",
    "silence_ratio",
    "speech_rate"
  ],
  "metrics": {
    "XGBoost": {
      "auc": 0.7051543209876543,
      "f1": 0.6312849162011173,
      "sensitivity": 0.6277777777777778,
      "specificity": 0.6388888888888888,
      "tp": 113,
      "tn": 115,
      "fp": 65,
      "fn": 67
    },
    "RandomForest": {
      "auc": 0.745895061728395,
      "f1": 0.6834733893557423,
      "sensitivity": 0.6777777777777778,
      "specificity": 0.6944444444444444,
      "tp": 122,
      "tn": 125,
      "fp": 55,
      "fn": 58
    },
    "SVM_RBF": {
      "auc": 0.7244135802469136,
      "f1": 0.6815642458100558,
      "sensitivity": 0.6777777777777778,
      "specificity": 0.6888888888888889,
      "tp": 122,
      "tn": 124,
      "fp": 56,
      "fn": 58
    }
  }
}