model,group,n,sensitivity,specificity,fpr,fnr,threshold
baseline,alta,232,0.6956521739130435,0.7521367521367521,0.24786324786324787,0.30434782608695654,
baseline,baja,128,0.6461538461538462,0.5873015873015873,0.4126984126984127,0.35384615384615387,
+SES,alta,232,0.6869565217391305,0.7350427350427351,0.26495726495726496,0.3130434782608696,
+SES,baja,128,0.6307692307692307,0.5873015873015873,0.4126984126984127,0.36923076923076925,
+SES+calibrado,alta,232,0.7043478260869566,0.7350427350427351,0.26495726495726496,0.2956521739130435,0.497
+SES+calibrado,baja,128,0.5384615384615384,0.7301587301587301,0.2698412698412698,0.46153846153846156,0.569
+SES+SMOTE,alta,232,0.6869565217391305,0.7435897435897436,0.2564102564102564,0.3130434782608696,
+SES+SMOTE,baja,128,0.676923076923077,0.5238095238095238,0.47619047619047616,0.3230769230769231,
